STATION_ID,DURATION,SENSOR_NUMBER,SENS_TYPE,DATE TIME,OBS DATE,VALUE,DATA_FLAG,UNITS
DAN,D,18,SNOW DP,,20181001,-1,,INCHES
DAN,D,18,SNOW DP,,,,,INCHES
DAN,D,18,SNOW DP,,,,,INCHES
DAN,D,18,SNOW DP,,,,,INCHES
DAN,D,18,SNOW DP,,20181005,184,,INCHES
DAN,D,18,SNOW DP,,,,,INCHES
DAN,D,18,SNOW DP,,,,,INCHES
DAN,D,18,SNOW DP,,20181008,-1,,INCHES
DAN,D,18,SNOW DP,,,,,INCHES
DAN,D,18,SNOW DP,,20181010,-1,,INCHES
DAN,D,18,SNOW DP,,,,,INCHES
DAN,D,18,SNOW DP,,,,,INCHES
DAN,D,18,SNOW DP,,,,,INCHES
DAN,D,18,SNOW DP,,20181014,-0,,INCHES
DAN,D,18,SNOW DP,,20181015,-1,,INCHES
DAN,D,18,SNOW DP,,20181016,-1,,INCHES
DAN,D,18,SNOW DP,,,,,INCHES
DAN,D,18,SNOW DP,,,,,INCHES
DAN,D,18,SNOW DP,,,,,INCHES
DAN,D,18,SNOW DP,,20181020,181,,INCHES
DAN,D,18,SNOW DP,,20181021,-1,,INCHES
DAN,D,18,SNOW DP,,,,,INCHES
DAN,D,18,SNOW DP,,20181023,-2,,INCHES
DAN,D,18,SNOW DP,,,,,INCHES
DAN,D,18,SNOW DP,,,,,INCHES
DAN,D,18,SNOW DP,,20181026,-2,,INCHES
DAN,D,18,SNOW DP,,20181027,181,,INCHES
DAN,D,18,SNOW DP,,20181028,-1,,INCHES
DAN,D,18,SNOW DP,,,,,INCHES
DAN,D,18,SNOW DP,,20181030,-1,,INCHES
DAN,D,18,SNOW DP,,20181031,-1,,INCHES
DAN,D,18,SNOW DP,,,,,INCHES
DAN,D,18,SNOW DP,,,,,INCHES
DAN,D,18,SNOW DP,,20181103,181,,INCHES
DAN,D,18,SNOW DP,,,,,INCHES
DAN,D,18,SNOW DP,,20181105,-1,,INCHES
DAN,D,18,SNOW DP,,20181106,182,,INCHES
DAN,D,18,SNOW DP,,20181107,179,,INCHES
DAN,D,18,SNOW DP,,,,,INCHES
DAN,D,18,SNOW DP,,20181109,-1,,INCHES
DAN,D,18,SNOW DP,,20181110,-1,,INCHES
DAN,D,18,SNOW DP,,20181111,-1,,INCHES
DAN,D,18,SNOW DP,,,,,INCHES
DAN,D,18,SNOW DP,,20181113,-1,,INCHES
DAN,D,18,SNOW DP,,,,,INCHES
DAN,D,18,SNOW DP,,20181115,-1,,INCHES
DAN,D,18,SNOW DP,,20181116,-2,,INCHES
DAN,D,18,SNOW DP,,20181117,-1,,INCHES
DAN,D,18,SNOW DP,,,,,INCHES
DAN,D,18,SNOW DP,,,,,INCHES
DAN,D,18,SNOW DP,,,,,INCHES
DAN,D,18,SNOW DP,,20181121,-1,,INCHES
DAN,D,18,SNOW DP,,,,,INCHES
DAN,D,18,SNOW DP,,,,,INCHES
DAN,D,18,SNOW DP,,20181124,11,,INCHES
DAN,D,18,SNOW DP,,20181125,11,,INCHES
DAN,D,18,SNOW DP,,20181126,11,,INCHES
DAN,D,18,SNOW DP,,20181127,7,,INCHES
DAN,D,18,SNOW DP,,,,,INCHES
DAN,D,18,SNOW DP,,,,,INCHES
DAN,D,18,SNOW DP,,,,,INCHES
DAN,D,18,SNOW DP,,,,,INCHES
DAN,D,18,SNOW DP,,,,,INCHES
DAN,D,18,SNOW DP,,20181203,37,,INCHES
DAN,D,18,SNOW DP,,20181204,35,,INCHES
DAN,D,18,SNOW DP,,,,,INCHES
DAN,D,18,SNOW DP,,,,,INCHES
DAN,D,18,SNOW DP,,20181207,32,,INCHES
DAN,D,18,SNOW DP,,20181208,31,,INCHES
DAN,D,18,SNOW DP,,20181209,29,,INCHES
DAN,D,18,SNOW DP,,20181210,29,,INCHES
DAN,D,18,SNOW DP,,20181211,28,,INCHES
DAN,D,18,SNOW DP,,20181212,27,,INCHES
DAN,D,18,SNOW DP,,20181213,25,,INCHES
DAN,D,18,SNOW DP,,20181214,24,,INCHES
DAN,D,18,SNOW DP,,20181215,25,,INCHES
DAN,D,18,SNOW DP,,20181216,25,,INCHES
DAN,D,18,SNOW DP,,,,,INCHES
DAN,D,18,SNOW DP,,,,,INCHES
DAN,D,18,SNOW DP,,20181219,26,,INCHES
DAN,D,18,SNOW DP,,20181220,26,,INCHES
DAN,D,18,SNOW DP,,,,,INCHES
DAN,D,18,SNOW DP,,20181222,27,,INCHES
DAN,D,18,SNOW DP,,20181223,25,,INCHES
DAN,D,18,SNOW DP,,20181224,27,,INCHES
DAN,D,18,SNOW DP,,,,,INCHES
DAN,D,18,SNOW DP,,20181226,30,,INCHES
DAN,D,18,SNOW DP,,20181227,29,,INCHES
DAN,D,18,SNOW DP,,20181228,29,,INCHES
DAN,D,18,SNOW DP,,20181229,28,,INCHES
DAN,D,18,SNOW DP,,20181230,28,,INCHES
DAN,D,18,SNOW DP,,20181231,28,,INCHES
DAN,D,18,SNOW DP,,20190101,27,,INCHES
DAN,D,18,SNOW DP,,20190102,27,,INCHES
DAN,D,18,SNOW DP,,20190103,26,,INCHES
DAN,D,18,SNOW DP,,20190104,26,,INCHES
DAN,D,18,SNOW DP,,20190105,26,,INCHES
DAN,D,18,SNOW DP,,,,,INCHES
DAN,D,18,SNOW DP,,20190107,52,,INCHES
DAN,D,18,SNOW DP,,20190108,48,,INCHES
DAN,D,18,SNOW DP,,,,,INCHES
DAN,D,18,SNOW DP,,,,,INCHES
DAN,D,18,SNOW DP,,,,,INCHES
DAN,D,18,SNOW DP,,20190112,44,,INCHES
DAN,D,18,SNOW DP,,20190113,43,,INCHES
DAN,D,18,SNOW DP,,20190114,42,,INCHES
DAN,D,18,SNOW DP,,,,,INCHES
DAN,D,18,SNOW DP,,20190116,48,,INCHES
DAN,D,18,SNOW DP,,20190117,57,,INCHES
DAN,D,18,SNOW DP,,,,,INCHES
DAN,D,18,SNOW DP,,20190119,55,,INCHES
DAN,D,18,SNOW DP,,20190120,51,,INCHES
DAN,D,18,SNOW DP,,,,,INCHES
DAN,D,18,SNOW DP,,20190122,62,,INCHES
DAN,D,18,SNOW DP,,20190123,59,,INCHES
DAN,D,18,SNOW DP,,20190124,57,,INCHES
DAN,D,18,SNOW DP,,20190125,56,,INCHES
DAN,D,18,SNOW DP,,20190126,54,,INCHES
DAN,D,18,SNOW DP,,20190127,51,,INCHES
DAN,D,18,SNOW DP,,20190128,51,,INCHES
DAN,D,18,SNOW DP,,20190129,50,,INCHES
DAN,D,18,SNOW DP,,20190130,50,,INCHES
DAN,D,18,SNOW DP,,20190131,49,,INCHES
DAN,D,18,SNOW DP,,20190201,48,,INCHES
DAN,D,18,SNOW DP,,,,,INCHES
DAN,D,18,SNOW DP,,,,,INCHES
DAN,D,18,SNOW DP,,,,,INCHES
DAN,D,18,SNOW DP,,20190205,111,,INCHES
DAN,D,18,SNOW DP,,20190206,103,,INCHES
DAN,D,18,SNOW DP,,20190207,98,,INCHES
DAN,D,18,SNOW DP,,20190208,94,,INCHES
DAN,D,18,SNOW DP,,20190209,97,,INCHES
DAN,D,18,SNOW DP,,20190210,95,,INCHES
DAN,D,18,SNOW DP,,20190211,100,,INCHES
DAN,D,18,SNOW DP,,20190212,95,,INCHES
DAN,D,18,SNOW DP,,20190213,96,,INCHES
DAN,D,18,SNOW DP,,20190214,100,,INCHES
DAN,D,18,SNOW DP,,,,,INCHES
DAN,D,18,SNOW DP,,,,,INCHES
DAN,D,18,SNOW DP,,20190217,110,,INCHES
DAN,D,18,SNOW DP,,20190218,107,,INCHES
DAN,D,18,SNOW DP,,20190219,103,,INCHES
DAN,D,18,SNOW DP,,20190220,101,,INCHES
DAN,D,18,SNOW DP,,20190221,101,,INCHES
DAN,D,18,SNOW DP,,20190222,99,,INCHES
DAN,D,18,SNOW DP,,20190223,98,,INCHES
DAN,D,18,SNOW DP,,20190224,94,,INCHES
DAN,D,18,SNOW DP,,20190225,93,,INCHES
DAN,D,18,SNOW DP,,,,,INCHES
DAN,D,18,SNOW DP,,20190227,99,,INCHES
DAN,D,18,SNOW DP,,20190228,97,,INCHES
DAN,D,18,SNOW DP,,20190301,95,,INCHES
DAN,D,18,SNOW DP,,,,,INCHES
DAN,D,18,SNOW DP,,20190303,108,,INCHES
DAN,D,18,SNOW DP,,20190304,104,,INCHES
DAN,D,18,SNOW DP,,20190305,102,,INCHES
DAN,D,18,SNOW DP,,20190306,106,,INCHES
DAN,D,18,SNOW DP,,20190307,116,,INCHES
DAN,D,18,SNOW DP,,,,,INCHES
DAN,D,18,SNOW DP,,20190309,112,,INCHES
DAN,D,18,SNOW DP,,,,,INCHES
DAN,D,18,SNOW DP,,,,,INCHES
DAN,D,18,SNOW DP,,20190312,107,,INCHES
DAN,D,18,SNOW DP,,20190313,106,,INCHES
DAN,D,18,SNOW DP,,20190314,105,,INCHES
DAN,D,18,SNOW DP,,20190315,104,,INCHES
DAN,D,18,SNOW DP,,20190316,102,,INCHES
DAN,D,18,SNOW DP,,20190317,100,,INCHES
DAN,D,18,SNOW DP,,20190318,98,,INCHES
DAN,D,18,SNOW DP,,20190319,96,,INCHES
DAN,D,18,SNOW DP,,,,,INCHES
DAN,D,18,SNOW DP,,20190321,96,,INCHES
DAN,D,18,SNOW DP,,20190322,96,,INCHES
DAN,D,18,SNOW DP,,,,,INCHES
DAN,D,18,SNOW DP,,20190324,101,,INCHES
DAN,D,18,SNOW DP,,20190325,98,,INCHES
DAN,D,18,SNOW DP,,20190326,96,,INCHES
DAN,D,18,SNOW DP,,20190327,94,,INCHES
DAN,D,18,SNOW DP,,,,,INCHES
DAN,D,18,SNOW DP,,20190329,103,,INCHES
DAN,D,18,SNOW DP,,20190330,102,,INCHES
DAN,D,18,SNOW DP,,20190331,100,,INCHES
DAN,D,18,SNOW DP,,20190401,96,,INCHES
DAN,D,18,SNOW DP,,20190402,96,,INCHES
DAN,D,18,SNOW DP,,20190403,99,,INCHES
DAN,D,18,SNOW DP,,20190404,95,,INCHES
DAN,D,18,SNOW DP,,20190405,95,,INCHES
DAN,D,18,SNOW DP,,20190406,94,,INCHES
DAN,D,18,SNOW DP,,20190407,95,,INCHES
DAN,D,18,SNOW DP,,20190408,92,,INCHES
DAN,D,18,SNOW DP,,20190409,90,,INCHES
DAN,D,18,SNOW DP,,,,,INCHES
DAN,D,18,SNOW DP,,20190411,89,,INCHES
DAN,D,18,SNOW DP,,20190412,89,,INCHES
DAN,D,18,SNOW DP,,20190413,89,,INCHES
DAN,D,18,SNOW DP,,20190414,87,,INCHES
DAN,D,18,SNOW DP,,20190415,86,,INCHES
DAN,D,18,SNOW DP,,,,,INCHES
DAN,D,18,SNOW DP,,20190417,88,,INCHES
DAN,D,18,SNOW DP,,20190418,87,,INCHES
DAN,D,18,SNOW DP,,20190419,84,,INCHES
DAN,D,18,SNOW DP,,20190420,82,,INCHES
DAN,D,18,SNOW DP,,20190421,81,,INCHES
DAN,D,18,SNOW DP,,20190422,80,,INCHES
DAN,D,18,SNOW DP,,20190423,78,,INCHES
DAN,D,18,SNOW DP,,20190424,76,,INCHES
DAN,D,18,SNOW DP,,20190425,73,,INCHES
DAN,D,18,SNOW DP,,20190426,71,,INCHES
DAN,D,18,SNOW DP,,20190427,69,,INCHES
DAN,D,18,SNOW DP,,20190428,67,,INCHES
DAN,D,18,SNOW DP,,20190429,65,,INCHES
DAN,D,18,SNOW DP,,20190430,63,,INCHES
DAN,D,18,SNOW DP,,20190501,63,,INCHES
DAN,D,18,SNOW DP,,20190502,61,,INCHES
DAN,D,18,SNOW DP,,20190503,58,,INCHES
DAN,D,18,SNOW DP,,20190504,58,,INCHES
DAN,D,18,SNOW DP,,20190505,56,,INCHES
DAN,D,18,SNOW DP,,20190506,56,,INCHES
DAN,D,18,SNOW DP,,20190507,52,,INCHES
DAN,D,18,SNOW DP,,20190508,52,,INCHES
DAN,D,18,SNOW DP,,20190509,50,,INCHES
DAN,D,18,SNOW DP,,20190510,51,,INCHES
DAN,D,18,SNOW DP,,20190511,49,,INCHES
DAN,D,18,SNOW DP,,20190512,47,,INCHES
DAN,D,18,SNOW DP,,20190513,46,,INCHES
DAN,D,18,SNOW DP,,20190514,45,,INCHES
DAN,D,18,SNOW DP,,20190515,42,,INCHES
DAN,D,18,SNOW DP,,,,,INCHES
DAN,D,18,SNOW DP,,,,,INCHES
DAN,D,18,SNOW DP,,20190518,47,,INCHES
DAN,D,18,SNOW DP,,,,,INCHES
DAN,D,18,SNOW DP,,20190520,49,,INCHES
DAN,D,18,SNOW DP,,20190521,46,,INCHES
DAN,D,18,SNOW DP,,,,,INCHES
DAN,D,18,SNOW DP,,,,,INCHES
DAN,D,18,SNOW DP,,20190524,48,,INCHES
DAN,D,18,SNOW DP,,20190525,47,,INCHES
DAN,D,18,SNOW DP,,20190526,44,,INCHES
DAN,D,18,SNOW DP,,,,,INCHES
DAN,D,18,SNOW DP,,20190528,46,,INCHES
DAN,D,18,SNOW DP,,20190529,44,,INCHES
DAN,D,18,SNOW DP,,20190530,42,,INCHES
DAN,D,18,SNOW DP,,20190531,40,,INCHES
DAN,D,18,SNOW DP,,20190601,40,,INCHES
DAN,D,18,SNOW DP,,20190602,39,,INCHES
DAN,D,18,SNOW DP,,20190603,183,,INCHES
DAN,D,18,SNOW DP,,20190604,35,,INCHES
DAN,D,18,SNOW DP,,20190605,33,,INCHES
DAN,D,18,SNOW DP,,20190606,180,N,INCHES
DAN,D,18,SNOW DP,,20190607,30,,INCHES
DAN,D,18,SNOW DP,,20190608,26,,INCHES
DAN,D,18,SNOW DP,,20190609,25,,INCHES
DAN,D,18,SNOW DP,,20190610,22,,INCHES
DAN,D,18,SNOW DP,,20190611,18,,INCHES
DAN,D,18,SNOW DP,,20190612,180,,INCHES
DAN,D,18,SNOW DP,,20190613,14,,INCHES
DAN,D,18,SNOW DP,,20190614,14,,INCHES
DAN,D,18,SNOW DP,,20190615,10,,INCHES
DAN,D,18,SNOW DP,,20190616,8,,INCHES
DAN,D,18,SNOW DP,,20190617,181,,INCHES
DAN,D,18,SNOW DP,,20190618,2,,INCHES
DAN,D,18,SNOW DP,,20190619,182,,INCHES
DAN,D,18,SNOW DP,,20190620,182,,INCHES
DAN,D,18,SNOW DP,,20190621,180,,INCHES
DAN,D,18,SNOW DP,,,,,INCHES
DAN,D,18,SNOW DP,,20190623,183,,INCHES
DAN,D,18,SNOW DP,,,,,INCHES
DAN,D,18,SNOW DP,,20190625,182,,INCHES
DAN,D,18,SNOW DP,,20190626,181,,INCHES
DAN,D,18,SNOW DP,,,,,INCHES
DAN,D,18,SNOW DP,,,,,INCHES
DAN,D,18,SNOW DP,,,,,INCHES
DAN,D,18,SNOW DP,,20190630,181,,INCHES
DAN,D,18,SNOW DP,,20190701,182,,INCHES
DAN,D,18,SNOW DP,,20190702,179,,INCHES
DAN,D,18,SNOW DP,,20190703,182,,INCHES
DAN,D,18,SNOW DP,,20190704,180,,INCHES
DAN,D,18,SNOW DP,,20190705,181,,INCHES
DAN,D,18,SNOW DP,,20190706,182,,INCHES
DAN,D,18,SNOW DP,,,,,INCHES
DAN,D,18,SNOW DP,,20190708,182,,INCHES
DAN,D,18,SNOW DP,,,,,INCHES
DAN,D,18,SNOW DP,,20190710,182,,INCHES
DAN,D,18,SNOW DP,,20190711,183,,INCHES
DAN,D,18,SNOW DP,,20190712,180,,INCHES
DAN,D,18,SNOW DP,,20190713,181,,INCHES
DAN,D,18,SNOW DP,,,,,INCHES
DAN,D,18,SNOW DP,,,,,INCHES
DAN,D,18,SNOW DP,,20190716,180,,INCHES
DAN,D,18,SNOW DP,,,,,INCHES
DAN,D,18,SNOW DP,,20190718,180,,INCHES
DAN,D,18,SNOW DP,,,,,INCHES
DAN,D,18,SNOW DP,,,,,INCHES
DAN,D,18,SNOW DP,,,,,INCHES
DAN,D,18,SNOW DP,,,,,INCHES
DAN,D,18,SNOW DP,,20190723,179,,INCHES
DAN,D,18,SNOW DP,,,,,INCHES
DAN,D,18,SNOW DP,,,,,INCHES
DAN,D,18,SNOW DP,,,,,INCHES
DAN,D,18,SNOW DP,,20190727,182,,INCHES
DAN,D,18,SNOW DP,,,,,INCHES
DAN,D,18,SNOW DP,,,,,INCHES
DAN,D,18,SNOW DP,,,,,INCHES
DAN,D,18,SNOW DP,,,,,INCHES
DAN,D,18,SNOW DP,,20190801,180,,INCHES
DAN,D,18,SNOW DP,,,,,INCHES
DAN,D,18,SNOW DP,,20190803,183,,INCHES
DAN,D,18,SNOW DP,,20190804,180,,INCHES
DAN,D,18,SNOW DP,,20190805,181,,INCHES
DAN,D,18,SNOW DP,,20190806,179,,INCHES
DAN,D,18,SNOW DP,,20190807,180,,INCHES
DAN,D,18,SNOW DP,,,,,INCHES
DAN,D,18,SNOW DP,,,,,INCHES
DAN,D,18,SNOW DP,,,,,INCHES
DAN,D,18,SNOW DP,,20190811,181,,INCHES
DAN,D,18,SNOW DP,,20190812,180,,INCHES
DAN,D,18,SNOW DP,,20190813,182,,INCHES
DAN,D,18,SNOW DP,,20190814,180,,INCHES
DAN,D,18,SNOW DP,,20190815,183,,INCHES
DAN,D,18,SNOW DP,,20190816,182,,INCHES
DAN,D,18,SNOW DP,,20190817,,,INCHES
DAN,D,18,SNOW DP,,20190818,,,INCHES
DAN,D,18,SNOW DP,,20190819,181,,INCHES
DAN,D,18,SNOW DP,,20190820,183,,INCHES
DAN,D,18,SNOW DP,,20190821,182,,INCHES
DAN,D,18,SNOW DP,,20190822,183,,INCHES
DAN,D,18,SNOW DP,,20190823,183,,INCHES
DAN,D,18,SNOW DP,,20190824,182,,INCHES
DAN,D,18,SNOW DP,,,,,INCHES
DAN,D,18,SNOW DP,,20190826,183,,INCHES
DAN,D,18,SNOW DP,,20190827,182,,INCHES
DAN,D,18,SNOW DP,,,,,INCHES
DAN,D,18,SNOW DP,,20190829,183,,INCHES
DAN,D,18,SNOW DP,,,,,INCHES
DAN,D,18,SNOW DP,,20190831,181,,INCHES
DAN,D,18,SNOW DP,,20190901,182,,INCHES
DAN,D,18,SNOW DP,,20190902,180,,INCHES
DAN,D,18,SNOW DP,,,,,INCHES
DAN,D,18,SNOW DP,,,,,INCHES
DAN,D,18,SNOW DP,,20190905,182,,INCHES
DAN,D,18,SNOW DP,,20190906,-1,,INCHES
DAN,D,18,SNOW DP,,20190907,179,,INCHES
DAN,D,18,SNOW DP,,20190908,0,,INCHES
DAN,D,18,SNOW DP,,20190909,-0,,INCHES
DAN,D,18,SNOW DP,,20190910,-0,,INCHES
DAN,D,18,SNOW DP,,20190911,-0,,INCHES
DAN,D,18,SNOW DP,,20190912,-0,,INCHES
DAN,D,18,SNOW DP,,20190913,-1,,INCHES
DAN,D,18,SNOW DP,,20190914,183,,INCHES
DAN,D,18,SNOW DP,,20190915,182,,INCHES
DAN,D,18,SNOW DP,,20190916,-0,,INCHES
DAN,D,18,SNOW DP,,,,,INCHES
DAN,D,18,SNOW DP,,,,,INCHES
DAN,D,18,SNOW DP,,,,,INCHES
DAN,D,18,SNOW DP,,,,,INCHES
DAN,D,18,SNOW DP,,,,,INCHES
DAN,D,18,SNOW DP,,,,,INCHES
DAN,D,18,SNOW DP,,,,,INCHES
DAN,D,18,SNOW DP,,,,,INCHES
DAN,D,18,SNOW DP,,20190925,155,,INCHES
DAN,D,18,SNOW DP,,20190926,2,,INCHES
DAN,D,18,SNOW DP,,20190927,2,,INCHES
DAN,D,18,SNOW DP,,20190928,2,,INCHES
DAN,D,18,SNOW DP,,20190928,5,,INCHES
DAN,D,18,SNOW DP,,20190930,2,,INCHES
DAN,D,18,SNOW DP,,20191001,2,,INCHES
DAN,D,18,SNOW DP,,20191001,2,,INCHES
DAN,D,18,SNOW DP,,20191003,2,,INCHES
DAN,D,18,SNOW DP,,20191004,3,,INCHES
DAN,D,18,SNOW DP,,20191005,2,,INCHES
DAN,D,18,SNOW DP,,20191006,2,,INCHES
DAN,D,18,SNOW DP,,20191007,2,,INCHES
DAN,D,18,SNOW DP,,20191008,0,,INCHES
DAN,D,18,SNOW DP,,20191009,0,,INCHES
DAN,D,18,SNOW DP,,20191010,0,,INCHES
DAN,D,18,SNOW DP,,20191011,0,,INCHES
DAN,D,18,SNOW DP,,20191012,0,,INCHES
DAN,D,18,SNOW DP,,20191013,0,,INCHES
DAN,D,18,SNOW DP,,20191014,0,,INCHES
DAN,D,18,SNOW DP,,20191015,0,,INCHES
DAN,D,18,SNOW DP,,20191016,0,,INCHES
DAN,D,18,SNOW DP,,20191017,0,,INCHES
DAN,D,18,SNOW DP,,20191018,0,,INCHES
DAN,D,18,SNOW DP,,20191019,0,,INCHES
DAN,D,18,SNOW DP,,20191020,0,,INCHES
DAN,D,18,SNOW DP,,20191021,0,,INCHES
DAN,D,18,SNOW DP,,20191022,0,,INCHES
DAN,D,18,SNOW DP,,,,,INCHES
DAN,D,18,SNOW DP,,20191024,0,,INCHES
DAN,D,18,SNOW DP,,20191025,0,,INCHES
DAN,D,18,SNOW DP,,20191026,0,,INCHES
DAN,D,18,SNOW DP,,20191027,0,,INCHES
DAN,D,18,SNOW DP,,20191028,0,,INCHES
DAN,D,18,SNOW DP,,,,,INCHES
DAN,D,18,SNOW DP,,,,,INCHES
DAN,D,18,SNOW DP,,20191031,0,,INCHES
DAN,D,18,SNOW DP,,20191101,0,,INCHES
DAN,D,18,SNOW DP,,20191102,0,,INCHES
DAN,D,18,SNOW DP,,,,,INCHES
DAN,D,18,SNOW DP,,20191104,0,,INCHES
DAN,D,18,SNOW DP,,20191105,0,,INCHES
DAN,D,18,SNOW DP,,20191106,0,,INCHES
DAN,D,18,SNOW DP,,,,,INCHES
DAN,D,18,SNOW DP,,20191108,0,,INCHES
DAN,D,18,SNOW DP,,20191109,0,,INCHES
DAN,D,18,SNOW DP,,20191110,0,,INCHES
DAN,D,18,SNOW DP,,20191111,0,,INCHES
DAN,D,18,SNOW DP,,,,,INCHES
DAN,D,18,SNOW DP,,20191113,0,,INCHES
DAN,D,18,SNOW DP,,20191114,0,,INCHES
DAN,D,18,SNOW DP,,20191115,0,,INCHES
DAN,D,18,SNOW DP,,20191116,0,,INCHES
DAN,D,18,SNOW DP,,20191117,0,,INCHES
DAN,D,18,SNOW DP,,,,,INCHES
DAN,D,18,SNOW DP,,20191119,0,,INCHES
DAN,D,18,SNOW DP,,20191120,0,,INCHES
DAN,D,18,SNOW DP,,20191121,0,,INCHES
DAN,D,18,SNOW DP,,20191122,0,,INCHES
DAN,D,18,SNOW DP,,20191123,0,,INCHES
DAN,D,18,SNOW DP,,20191124,0,,INCHES
DAN,D,18,SNOW DP,,20191125,0,,INCHES
DAN,D,18,SNOW DP,,20191126,-2,,INCHES
DAN,D,18,SNOW DP,,20191127,0,,INCHES
DAN,D,18,SNOW DP,,,,,INCHES
DAN,D,18,SNOW DP,,20191129,0,,INCHES
DAN,D,18,SNOW DP,,,,,INCHES
DAN,D,18,SNOW DP,,,,,INCHES
DAN,D,18,SNOW DP,,,,,INCHES
DAN,D,18,SNOW DP,,20191203,,,INCHES
DAN,D,18,SNOW DP,,20191204,,,INCHES
DAN,D,18,SNOW DP,,20191205,,,INCHES
DAN,D,18,SNOW DP,,20191206,,r,INCHES
DAN,D,18,SNOW DP,,20191207,,r,INCHES
DAN,D,18,SNOW DP,,20191208,,r,INCHES
DAN,D,18,SNOW DP,,20191209,,r,INCHES
DAN,D,18,SNOW DP,,20191210,,r,INCHES
DAN,D,18,SNOW DP,,20191211,,r,INCHES
DAN,D,18,SNOW DP,,20191212,,r,INCHES
DAN,D,18,SNOW DP,,20191213,,r,INCHES
DAN,D,18,SNOW DP,,20191214,,r,INCHES
DAN,D,18,SNOW DP,,20191215,,r,INCHES
DAN,D,18,SNOW DP,,20191216,,r,INCHES
DAN,D,18,SNOW DP,,20191217,,r,INCHES
DAN,D,18,SNOW DP,,20191218,,r,INCHES
DAN,D,18,SNOW DP,,20191219,,r,INCHES
DAN,D,18,SNOW DP,,20191220,,r,INCHES
DAN,D,18,SNOW DP,,20191221,,r,INCHES
DAN,D,18,SNOW DP,,20191222,,r,INCHES
DAN,D,18,SNOW DP,,20191223,,r,INCHES
DAN,D,18,SNOW DP,,20191224,,r,INCHES
DAN,D,18,SNOW DP,,20191225,,r,INCHES
DAN,D,18,SNOW DP,,20191226,,r,INCHES
DAN,D,18,SNOW DP,,20191227,,r,INCHES
DAN,D,18,SNOW DP,,20191228,,r,INCHES
DAN,D,18,SNOW DP,,20191229,,r,INCHES
DAN,D,18,SNOW DP,,20191230,,r,INCHES
DAN,D,18,SNOW DP,,20191231,,r,INCHES
DAN,D,18,SNOW DP,,20200101,,r,INCHES
DAN,D,18,SNOW DP,,20200102,,r,INCHES
DAN,D,18,SNOW DP,,20200103,,r,INCHES
DAN,D,18,SNOW DP,,20200104,,r,INCHES
DAN,D,18,SNOW DP,,20200105,,r,INCHES
DAN,D,18,SNOW DP,,20200106,,r,INCHES
DAN,D,18,SNOW DP,,20200107,,r,INCHES
DAN,D,18,SNOW DP,,20200108,,r,INCHES
DAN,D,18,SNOW DP,,20200109,,r,INCHES
DAN,D,18,SNOW DP,,20200110,,r,INCHES
DAN,D,18,SNOW DP,,20200111,,r,INCHES
DAN,D,18,SNOW DP,,20200112,,r,INCHES
DAN,D,18,SNOW DP,,20200113,,r,INCHES
DAN,D,18,SNOW DP,,20200114,,r,INCHES
DAN,D,18,SNOW DP,,20200115,,r,INCHES
DAN,D,18,SNOW DP,,20200116,,r,INCHES
DAN,D,18,SNOW DP,,20200117,,r,INCHES
DAN,D,18,SNOW DP,,20200118,,r,INCHES
DAN,D,18,SNOW DP,,20200119,,r,INCHES
DAN,D,18,SNOW DP,,20200120,,r,INCHES
DAN,D,18,SNOW DP,,20200121,,r,INCHES
DAN,D,18,SNOW DP,,20200122,,r,INCHES
DAN,D,18,SNOW DP,,20200123,,r,INCHES
DAN,D,18,SNOW DP,,20200124,,r,INCHES
DAN,D,18,SNOW DP,,20200125,,r,INCHES
DAN,D,18,SNOW DP,,20200126,,r,INCHES
DAN,D,18,SNOW DP,,20200127,,r,INCHES
DAN,D,18,SNOW DP,,20200128,,r,INCHES
DAN,D,18,SNOW DP,,20200129,,r,INCHES
DAN,D,18,SNOW DP,,20200130,,r,INCHES
DAN,D,18,SNOW DP,,20200131,,r,INCHES
DAN,D,18,SNOW DP,,20200201,,r,INCHES
DAN,D,18,SNOW DP,,20200202,,r,INCHES
DAN,D,18,SNOW DP,,20200203,,r,INCHES
DAN,D,18,SNOW DP,,20200204,,r,INCHES
DAN,D,18,SNOW DP,,20200205,42,,INCHES
DAN,D,18,SNOW DP,,20200206,3,,INCHES
DAN,D,18,SNOW DP,,20200207,38,,INCHES
DAN,D,18,SNOW DP,,20200208,40,,INCHES
DAN,D,18,SNOW DP,,20200209,2,,INCHES
DAN,D,18,SNOW DP,,20200210,40,,INCHES
DAN,D,18,SNOW DP,,20200211,3,,INCHES
DAN,D,18,SNOW DP,,20200212,39,,INCHES
DAN,D,18,SNOW DP,,20200213,39,,INCHES
DAN,D,18,SNOW DP,,20200214,41,,INCHES
DAN,D,18,SNOW DP,,,,,INCHES
DAN,D,18,SNOW DP,,20200216,38,,INCHES
DAN,D,18,SNOW DP,,20200217,38,,INCHES
DAN,D,18,SNOW DP,,20200218,38,,INCHES
DAN,D,18,SNOW DP,,20200219,20,,INCHES
DAN,D,18,SNOW DP,,20200220,38,,INCHES
DAN,D,18,SNOW DP,,20200221,38,,INCHES
DAN,D,18,SNOW DP,,,,,INCHES
DAN,D,18,SNOW DP,,20200223,2,N,INCHES
DAN,D,18,SNOW DP,,,,,INCHES
DAN,D,18,SNOW DP,,20200225,1,N,INCHES
DAN,D,18,SNOW DP,,20200226,1,N,INCHES
DAN,D,18,SNOW DP,,20200227,35,,INCHES
DAN,D,18,SNOW DP,,20200228,35,,INCHES
DAN,D,18,SNOW DP,,20200229,35,,INCHES
DAN,D,18,SNOW DP,,20200301,25,,INCHES
DAN,D,18,SNOW DP,,20200302,45,,INCHES
DAN,D,18,SNOW DP,,,,,INCHES
DAN,D,18,SNOW DP,,20200304,38,,INCHES
DAN,D,18,SNOW DP,,20200305,1,,INCHES
DAN,D,18,SNOW DP,,20200306,36,,INCHES
DAN,D,18,SNOW DP,,20200307,35,,INCHES
DAN,D,18,SNOW DP,,20200308,36,,INCHES
DAN,D,18,SNOW DP,,20200309,36,,INCHES
DAN,D,18,SNOW DP,,20200310,35,,INCHES
DAN,D,18,SNOW DP,,20200311,36,,INCHES
DAN,D,18,SNOW DP,,,,,INCHES
DAN,D,18,SNOW DP,,20200313,35,,INCHES
DAN,D,18,SNOW DP,,20200314,35,,INCHES
DAN,D,18,SNOW DP,,20200315,44,,INCHES
DAN,D,18,SNOW DP,,20200316,45,,INCHES
DAN,D,18,SNOW DP,,20200317,49,,INCHES
DAN,D,18,SNOW DP,,20200318,46,,INCHES
DAN,D,18,SNOW DP,,20200319,48,,INCHES
DAN,D,18,SNOW DP,,20200320,49,,INCHES
DAN,D,18,SNOW DP,,20200321,46,,INCHES
DAN,D,18,SNOW DP,,,,,INCHES
DAN,D,18,SNOW DP,,20200323,11,,INCHES
DAN,D,18,SNOW DP,,20200324,46,,INCHES
DAN,D,18,SNOW DP,,20200325,48,,INCHES
DAN,D,18,SNOW DP,,20200326,55,,INCHES
DAN,D,18,SNOW DP,,20200327,34,,INCHES
DAN,D,18,SNOW DP,,20200328,48,,INCHES
DAN,D,18,SNOW DP,,20200329,49,,INCHES
DAN,D,18,SNOW DP,,20200330,50,,INCHES
DAN,D,18,SNOW DP,,20200331,46,,INCHES
DAN,D,18,SNOW DP,,20200401,3,,INCHES
DAN,D,18,SNOW DP,,20200402,26,,INCHES
DAN,D,18,SNOW DP,,20200403,43,,INCHES
DAN,D,18,SNOW DP,,20200404,45,,INCHES
DAN,D,18,SNOW DP,,,,,INCHES
DAN,D,18,SNOW DP,,20200406,66,,INCHES
DAN,D,18,SNOW DP,,20200407,9,,INCHES
DAN,D,18,SNOW DP,,20200408,62,,INCHES
DAN,D,18,SNOW DP,,20200409,71,,INCHES
DAN,D,18,SNOW DP,,20200410,9,,INCHES
DAN,D,18,SNOW DP,,20200411,66,,INCHES
DAN,D,18,SNOW DP,,20200412,61,,INCHES
DAN,D,18,SNOW DP,,20200413,60,,INCHES
DAN,D,18,SNOW DP,,,,,INCHES
DAN,D,18,SNOW DP,,,,,INCHES
DAN,D,18,SNOW DP,,20200416,54,,INCHES
DAN,D,18,SNOW DP,,20200417,54,,INCHES
DAN,D,18,SNOW DP,,20200418,8,,INCHES
DAN,D,18,SNOW DP,,20200419,53,,INCHES
DAN,D,18,SNOW DP,,20200420,52,,INCHES
DAN,D,18,SNOW DP,,20200421,54,,INCHES
DAN,D,18,SNOW DP,,20200422,51,,INCHES
DAN,D,18,SNOW DP,,20200423,49,,INCHES
DAN,D,18,SNOW DP,,20200424,47,,INCHES
DAN,D,18,SNOW DP,,20200425,45,,INCHES
DAN,D,18,SNOW DP,,20200426,43,,INCHES
DAN,D,18,SNOW DP,,20200427,5,,INCHES
DAN,D,18,SNOW DP,,,,,INCHES
DAN,D,18,SNOW DP,,20200429,1,,INCHES
DAN,D,18,SNOW DP,,20200430,35,,INCHES
DAN,D,18,SNOW DP,,20200501,33,,INCHES
DAN,D,18,SNOW DP,,20200502,32,,INCHES
DAN,D,18,SNOW DP,,20200503,32,,INCHES
DAN,D,18,SNOW DP,,20200504,8,,INCHES
DAN,D,18,SNOW DP,,20200505,0,,INCHES
DAN,D,18,SNOW DP,,20200506,21,,INCHES
DAN,D,18,SNOW DP,,20200507,17,,INCHES
DAN,D,18,SNOW DP,,20200508,14,,INCHES
DAN,D,18,SNOW DP,,20200509,11,,INCHES
DAN,D,18,SNOW DP,,20200510,6,,INCHES
DAN,D,18,SNOW DP,,,,,INCHES
DAN,D,18,SNOW DP,,20200512,0,,INCHES
DAN,D,18,SNOW DP,,20200513,0,,INCHES
DAN,D,18,SNOW DP,,,,,INCHES
DAN,D,18,SNOW DP,,20200515,0,,INCHES
DAN,D,18,SNOW DP,,20200516,0,,INCHES
DAN,D,18,SNOW DP,,,,,INCHES
DAN,D,18,SNOW DP,,20200518,0,,INCHES
DAN,D,18,SNOW DP,,20200519,1,,INCHES
DAN,D,18,SNOW DP,,,,,INCHES
DAN,D,18,SNOW DP,,20200521,0,,INCHES
DAN,D,18,SNOW DP,,20200522,0,,INCHES
DAN,D,18,SNOW DP,,20200523,0,,INCHES
DAN,D,18,SNOW DP,,20200524,0,,INCHES
DAN,D,18,SNOW DP,,20200525,0,,INCHES
DAN,D,18,SNOW DP,,20200526,0,,INCHES
DAN,D,18,SNOW DP,,20200527,0,,INCHES
DAN,D,18,SNOW DP,,20200528,0,,INCHES
DAN,D,18,SNOW DP,,20200529,0,,INCHES
DAN,D,18,SNOW DP,,20200530,8,,INCHES
DAN,D,18,SNOW DP,,20200531,0,,INCHES
DAN,D,18,SNOW DP,,20200601,0,,INCHES
DAN,D,18,SNOW DP,,20200602,0,,INCHES
DAN,D,18,SNOW DP,,20200603,0,,INCHES
DAN,D,18,SNOW DP,,20200604,0,,INCHES
DAN,D,18,SNOW DP,,20200605,0,,INCHES
DAN,D,18,SNOW DP,,20200606,0,,INCHES
DAN,D,18,SNOW DP,,,,,INCHES
DAN,D,18,SNOW DP,,20200608,0,,INCHES
DAN,D,18,SNOW DP,,20200609,0,,INCHES
DAN,D,18,SNOW DP,,,,,INCHES
DAN,D,18,SNOW DP,,,,,INCHES
DAN,D,18,SNOW DP,,20200612,0,,INCHES
DAN,D,18,SNOW DP,,20200613,0,,INCHES
DAN,D,18,SNOW DP,,20200614,0,,INCHES
DAN,D,18,SNOW DP,,20200615,0,,INCHES
DAN,D,18,SNOW DP,,20200616,0,,INCHES
DAN,D,18,SNOW DP,,20200617,0,,INCHES
DAN,D,18,SNOW DP,,20200618,0,,INCHES
DAN,D,18,SNOW DP,,20200619,0,,INCHES
DAN,D,18,SNOW DP,,20200620,0,,INCHES
DAN,D,18,SNOW DP,,,,,INCHES
DAN,D,18,SNOW DP,,20200622,8,,INCHES
DAN,D,18,SNOW DP,,20200623,0,,INCHES
DAN,D,18,SNOW DP,,20200624,3,,INCHES
DAN,D,18,SNOW DP,,,,,INCHES
DAN,D,18,SNOW DP,,,,,INCHES
DAN,D,18,SNOW DP,,20200627,0,,INCHES
DAN,D,18,SNOW DP,,20200628,3,,INCHES
DAN,D,18,SNOW DP,,20200629,0,,INCHES
DAN,D,18,SNOW DP,,,,,INCHES
DAN,D,18,SNOW DP,,,,,INCHES
DAN,D,18,SNOW DP,,,,,INCHES
DAN,D,18,SNOW DP,,20200703,0,,INCHES
DAN,D,18,SNOW DP,,,,,INCHES
DAN,D,18,SNOW DP,,20200705,0,,INCHES
DAN,D,18,SNOW DP,,,,,INCHES
DAN,D,18,SNOW DP,,,,,INCHES
DAN,D,18,SNOW DP,,20200708,0,,INCHES
DAN,D,18,SNOW DP,,20200709,0,,INCHES
DAN,D,18,SNOW DP,,,,,INCHES
DAN,D,18,SNOW DP,,,,,INCHES
DAN,D,18,SNOW DP,,20200712,0,,INCHES
DAN,D,18,SNOW DP,,20200713,0,,INCHES
DAN,D,18,SNOW DP,,20200714,0,,INCHES
DAN,D,18,SNOW DP,,,,,INCHES
DAN,D,18,SNOW DP,,20200715,8,,INCHES
DAN,D,18,SNOW DP,,,,,INCHES
DAN,D,18,SNOW DP,,,,,INCHES
DAN,D,18,SNOW DP,,20200719,8,,INCHES
DAN,D,18,SNOW DP,,,,,INCHES
DAN,D,18,SNOW DP,,,,,INCHES
DAN,D,18,SNOW DP,,20200722,0,,INCHES
DAN,D,18,SNOW DP,,20200723,0,,INCHES
DAN,D,18,SNOW DP,,20200724,3,,INCHES
DAN,D,18,SNOW DP,,20200725,3,,INCHES
DAN,D,18,SNOW DP,,20200726,3,,INCHES
DAN,D,18,SNOW DP,,20200727,3,,INCHES
DAN,D,18,SNOW DP,,20200728,3,,INCHES
DAN,D,18,SNOW DP,,20200729,3,,INCHES
DAN,D,18,SNOW DP,,20200730,3,,INCHES
DAN,D,18,SNOW DP,,20200731,3,,INCHES
DAN,D,18,SNOW DP,,20200801,2,,INCHES
DAN,D,18,SNOW DP,,20200802,2,,INCHES
DAN,D,18,SNOW DP,,20200803,2,,INCHES
DAN,D,18,SNOW DP,,20200804,2,,INCHES
DAN,D,18,SNOW DP,,20200805,2,,INCHES
DAN,D,18,SNOW DP,,20200806,2,,INCHES
DAN,D,18,SNOW DP,,20200807,2,,INCHES
DAN,D,18,SNOW DP,,20200808,2,,INCHES
DAN,D,18,SNOW DP,,20200809,2,,INCHES
DAN,D,18,SNOW DP,,20200810,2,,INCHES
DAN,D,18,SNOW DP,,20200811,2,,INCHES
DAN,D,18,SNOW DP,,20200812,2,,INCHES
DAN,D,18,SNOW DP,,20200813,0,,INCHES
DAN,D,18,SNOW DP,,20200814,0,,INCHES
DAN,D,18,SNOW DP,,20200815,0,,INCHES
DAN,D,18,SNOW DP,,20200816,0,,INCHES
DAN,D,18,SNOW DP,,20200817,0,,INCHES
DAN,D,18,SNOW DP,,20200818,0,,INCHES
DAN,D,18,SNOW DP,,20200819,0,,INCHES
DAN,D,18,SNOW DP,,20200820,0,,INCHES
DAN,D,18,SNOW DP,,20200821,0,,INCHES
DAN,D,18,SNOW DP,,20200822,0,,INCHES
DAN,D,18,SNOW DP,,20200823,0,,INCHES
DAN,D,18,SNOW DP,,20200824,0,,INCHES
DAN,D,18,SNOW DP,,20200825,0,,INCHES
DAN,D,18,SNOW DP,,20200826,0,,INCHES
DAN,D,18,SNOW DP,,20200827,0,,INCHES
DAN,D,18,SNOW DP,,20200828,0,,INCHES
DAN,D,18,SNOW DP,,20200829,0,,INCHES
DAN,D,18,SNOW DP,,20200830,0,,INCHES
DAN,D,18,SNOW DP,,20200831,0,,INCHES
DAN,D,18,SNOW DP,,20200901,0,,INCHES
DAN,D,18,SNOW DP,,20200902,0,,INCHES
DAN,D,18,SNOW DP,,20200903,0,,INCHES
DAN,D,18,SNOW DP,,20200904,0,,INCHES
DAN,D,18,SNOW DP,,20200905,0,,INCHES
DAN,D,18,SNOW DP,,20200906,0,,INCHES
DAN,D,18,SNOW DP,,20200907,0,,INCHES
DAN,D,18,SNOW DP,,20200908,0,,INCHES
DAN,D,18,SNOW DP,,20200909,0,,INCHES
DAN,D,18,SNOW DP,,20200910,0,,INCHES
DAN,D,18,SNOW DP,,20200911,0,,INCHES
DAN,D,18,SNOW DP,,20200912,0,,INCHES
DAN,D,18,SNOW DP,,20200913,0,,INCHES
DAN,D,18,SNOW DP,,20200914,0,,INCHES
DAN,D,18,SNOW DP,,20200915,0,,INCHES
DAN,D,18,SNOW DP,,20200916,0,,INCHES
DAN,D,18,SNOW DP,,20200917,0,,INCHES
DAN,D,18,SNOW DP,,20200918,-0,,INCHES
DAN,D,18,SNOW DP,,20200919,0,,INCHES
DAN,D,18,SNOW DP,,20200920,0,,INCHES
DAN,D,18,SNOW DP,,20200921,0,,INCHES
DAN,D,18,SNOW DP,,20200922,0,,INCHES
DAN,D,18,SNOW DP,,20200923,0,,INCHES
DAN,D,18,SNOW DP,,20200924,0,,INCHES
DAN,D,18,SNOW DP,,20200925,0,,INCHES
DAN,D,18,SNOW DP,,20200926,0,,INCHES
DAN,D,18,SNOW DP,,20200927,0,,INCHES
DAN,D,18,SNOW DP,,20200928,0,,INCHES
DAN,D,18,SNOW DP,,20200929,0,,INCHES
DAN,D,18,SNOW DP,,20200930,0,,INCHES
DAN,D,18,SNOW DP,,20201001,0,,INCHES
DAN,D,18,SNOW DP,,20201002,0,,INCHES
DAN,D,18,SNOW DP,,20201003,0,,INCHES
DAN,D,18,SNOW DP,,20201004,0,,INCHES
DAN,D,18,SNOW DP,,20201005,0,,INCHES
DAN,D,18,SNOW DP,,20201006,0,,INCHES
DAN,D,18,SNOW DP,,20201007,0,,INCHES
DAN,D,18,SNOW DP,,20201008,0,,INCHES
DAN,D,18,SNOW DP,,20201009,0,,INCHES
DAN,D,18,SNOW DP,,20201010,0,,INCHES
DAN,D,18,SNOW DP,,20201011,0,,INCHES
DAN,D,18,SNOW DP,,20201012,0,,INCHES
DAN,D,18,SNOW DP,,20201013,0,,INCHES
DAN,D,18,SNOW DP,,20201014,0,,INCHES
DAN,D,18,SNOW DP,,20201015,0,,INCHES
DAN,D,18,SNOW DP,,20201016,0,,INCHES
DAN,D,18,SNOW DP,,20201017,0,,INCHES
DAN,D,18,SNOW DP,,20201018,0,,INCHES
DAN,D,18,SNOW DP,,20201019,0,,INCHES
DAN,D,18,SNOW DP,,20201020,0,,INCHES
DAN,D,18,SNOW DP,,20201021,0,,INCHES
DAN,D,18,SNOW DP,,20201022,0,,INCHES
DAN,D,18,SNOW DP,,20201023,0,,INCHES
DAN,D,18,SNOW DP,,20201024,0,,INCHES
DAN,D,18,SNOW DP,,20201025,0,,INCHES
DAN,D,18,SNOW DP,,20201026,-0,,INCHES
DAN,D,18,SNOW DP,,20201027,-0,,INCHES
DAN,D,18,SNOW DP,,20201028,0,,INCHES
DAN,D,18,SNOW DP,,20201029,0,,INCHES
DAN,D,18,SNOW DP,,20201030,-0,,INCHES
DAN,D,18,SNOW DP,,20201031,-0,,INCHES
DAN,D,18,SNOW DP,,20201101,-0,,INCHES
DAN,D,18,SNOW DP,,20201102,-0,,INCHES
DAN,D,18,SNOW DP,,20201103,-0,,INCHES
DAN,D,18,SNOW DP,,20201104,-0,,INCHES
DAN,D,18,SNOW DP,,20201105,-0,,INCHES
DAN,D,18,SNOW DP,,20201106,-0,,INCHES
DAN,D,18,SNOW DP,,20201107,3,,INCHES
DAN,D,18,SNOW DP,,20201108,22,,INCHES
DAN,D,18,SNOW DP,,20201109,36,,INCHES
DAN,D,18,SNOW DP,,20201110,9,,INCHES
DAN,D,18,SNOW DP,,20201111,8,,INCHES
DAN,D,18,SNOW DP,,20201112,8,,INCHES
DAN,D,18,SNOW DP,,20201113,7,,INCHES
DAN,D,18,SNOW DP,,20201114,9,,INCHES
DAN,D,18,SNOW DP,,20201115,8,,INCHES
DAN,D,18,SNOW DP,,20201116,8,,INCHES
DAN,D,18,SNOW DP,,20201117,7,,INCHES
DAN,D,18,SNOW DP,,20201118,7,,INCHES
DAN,D,18,SNOW DP,,20201119,16,,INCHES
DAN,D,18,SNOW DP,,20201120,15,,INCHES
DAN,D,18,SNOW DP,,20201121,14,,INCHES
DAN,D,18,SNOW DP,,20201122,14,,INCHES
DAN,D,18,SNOW DP,,20201123,15,,INCHES
DAN,D,18,SNOW DP,,20201124,14,,INCHES
DAN,D,18,SNOW DP,,20201125,14,,INCHES
DAN,D,18,SNOW DP,,20201126,14,,INCHES
DAN,D,18,SNOW DP,,20201127,14,,INCHES
DAN,D,18,SNOW DP,,20201128,14,,INCHES
DAN,D,18,SNOW DP,,20201129,14,,INCHES
DAN,D,18,SNOW DP,,20201130,14,,INCHES
DAN,D,18,SNOW DP,,20201201,14,,INCHES
DAN,D,18,SNOW DP,,20201202,14,,INCHES
DAN,D,18,SNOW DP,,20201203,14,,INCHES
DAN,D,18,SNOW DP,,20201204,14,,INCHES
DAN,D,18,SNOW DP,,20201205,14,,INCHES
DAN,D,18,SNOW DP,,20201206,14,,INCHES
DAN,D,18,SNOW DP,,20201207,14,,INCHES
DAN,D,18,SNOW DP,,20201208,14,,INCHES
DAN,D,18,SNOW DP,,20201209,14,,INCHES
DAN,D,18,SNOW DP,,20201210,14,,INCHES
DAN,D,18,SNOW DP,,20201211,14,,INCHES
DAN,D,18,SNOW DP,,20201212,22,,INCHES
DAN,D,18,SNOW DP,,20201213,23,,INCHES
DAN,D,18,SNOW DP,,20201214,35,,INCHES
DAN,D,18,SNOW DP,,20201215,33,,INCHES
DAN,D,18,SNOW DP,,20201216,32,,INCHES
DAN,D,18,SNOW DP,,20201217,39,,INCHES
DAN,D,18,SNOW DP,,20201218,46,,INCHES
DAN,D,18,SNOW DP,,20201219,43,,INCHES
DAN,D,18,SNOW DP,,20201220,41,,INCHES
DAN,D,18,SNOW DP,,20201221,39,,INCHES
DAN,D,18,SNOW DP,,20201222,38,,INCHES
DAN,D,18,SNOW DP,,20201223,37,,INCHES
DAN,D,18,SNOW DP,,20201224,36,,INCHES
DAN,D,18,SNOW DP,,20201225,36,,INCHES
DAN,D,18,SNOW DP,,20201226,37,,INCHES
DAN,D,18,SNOW DP,,20201227,37,,INCHES
DAN,D,18,SNOW DP,,20201228,40,,INCHES
DAN,D,18,SNOW DP,,20201229,40,,INCHES
DAN,D,18,SNOW DP,,20201230,39,,INCHES
DAN,D,18,SNOW DP,,20201231,39,,INCHES
DAN,D,18,SNOW DP,,20210101,38,,INCHES
DAN,D,18,SNOW DP,,20210102,37,,INCHES
DAN,D,18,SNOW DP,,20210103,37,,INCHES
DAN,D,18,SNOW DP,,20210104,36,,INCHES
DAN,D,18,SNOW DP,,20210105,38,,INCHES
DAN,D,18,SNOW DP,,20210106,37,,INCHES
DAN,D,18,SNOW DP,,20210107,37,,INCHES
DAN,D,18,SNOW DP,,20210108,37,,INCHES
DAN,D,18,SNOW DP,,20210109,37,,INCHES
DAN,D,18,SNOW DP,,20210110,36,,INCHES
DAN,D,18,SNOW DP,,20210111,36,,INCHES
DAN,D,18,SNOW DP,,20210112,36,,INCHES
DAN,D,18,SNOW DP,,20210113,36,,INCHES
DAN,D,18,SNOW DP,,20210114,0,,INCHES
DAN,D,18,SNOW DP,,20210115,35,,INCHES
DAN,D,18,SNOW DP,,20210116,35,,INCHES
DAN,D,18,SNOW DP,,20210117,34,,INCHES
DAN,D,18,SNOW DP,,20210118,34,,INCHES
DAN,D,18,SNOW DP,,20210119,35,,INCHES
DAN,D,18,SNOW DP,,20210120,35,,INCHES
DAN,D,18,SNOW DP,,20210121,35,,INCHES
DAN,D,18,SNOW DP,,20210122,35,,INCHES
DAN,D,18,SNOW DP,,20210123,36,,INCHES
DAN,D,18,SNOW DP,,20210124,39,,INCHES
DAN,D,18,SNOW DP,,20210125,43,,INCHES
DAN,D,18,SNOW DP,,20210126,42,,INCHES
DAN,D,18,SNOW DP,,20210127,62,,INCHES
DAN,D,18,SNOW DP,,20210128,63,,INCHES
DAN,D,18,SNOW DP,,20210129,63,,INCHES
DAN,D,18,SNOW DP,,20210130,63,,INCHES
DAN,D,18,SNOW DP,,20210131,94,,INCHES
DAN,D,18,SNOW DP,,20210201,89,,INCHES
DAN,D,18,SNOW DP,,20210202,84,,INCHES
DAN,D,18,SNOW DP,,20210203,81,,INCHES
DAN,D,18,SNOW DP,,20210204,79,,INCHES
DAN,D,18,SNOW DP,,20210205,74,,INCHES
DAN,D,18,SNOW DP,,20210206,70,,INCHES
DAN,D,18,SNOW DP,,20210207,69,,INCHES
DAN,D,18,SNOW DP,,20210208,68,,INCHES
DAN,D,18,SNOW DP,,20210209,66,,INCHES
DAN,D,18,SNOW DP,,20210210,68,,INCHES
DAN,D,18,SNOW DP,,20210211,66,,INCHES
DAN,D,18,SNOW DP,,20210212,82,,INCHES
DAN,D,18,SNOW DP,,20210213,79,,INCHES
DAN,D,18,SNOW DP,,20210214,88,,INCHES
DAN,D,18,SNOW DP,,20210215,85,,INCHES
DAN,D,18,SNOW DP,,20210216,86,,INCHES
DAN,D,18,SNOW DP,,20210217,85,,INCHES
DAN,D,18,SNOW DP,,20210218,83,,INCHES
DAN,D,18,SNOW DP,,20210219,81,,INCHES
DAN,D,18,SNOW DP,,,,,INCHES
DAN,D,18,SNOW DP,,20210221,82,,INCHES
DAN,D,18,SNOW DP,,20210222,80,,INCHES
DAN,D,18,SNOW DP,,20210223,78,,INCHES
DAN,D,18,SNOW DP,,20210224,76,,INCHES
DAN,D,18,SNOW DP,,20210225,76,,INCHES
DAN,D,18,SNOW DP,,20210226,75,,INCHES
DAN,D,18,SNOW DP,,20210227,74,,INCHES
DAN,D,18,SNOW DP,,20210228,73,,INCHES
DAN,D,18,SNOW DP,,20210301,72,,INCHES
DAN,D,18,SNOW DP,,20210302,71,,INCHES
DAN,D,18,SNOW DP,,20210303,69,,INCHES
DAN,D,18,SNOW DP,,20210304,69,,INCHES
DAN,D,18,SNOW DP,,20210305,68,,INCHES
DAN,D,18,SNOW DP,,20210306,67,,INCHES
DAN,D,18,SNOW DP,,20210307,67,,INCHES
DAN,D,18,SNOW DP,,20210308,66,,INCHES
DAN,D,18,SNOW DP,,20210309,68,,INCHES
DAN,D,18,SNOW DP,,20210310,69,,INCHES
DAN,D,18,SNOW DP,,20210311,72,,INCHES
DAN,D,18,SNOW DP,,20210312,79,,INCHES
DAN,D,18,SNOW DP,,20210313,80,,INCHES
DAN,D,18,SNOW DP,,20210314,76,,INCHES
DAN,D,18,SNOW DP,,20210315,79,,INCHES
DAN,D,18,SNOW DP,,20210316,81,,INCHES
DAN,D,18,SNOW DP,,20210317,77,,INCHES
DAN,D,18,SNOW DP,,20210318,75,,INCHES
DAN,D,18,SNOW DP,,20210319,79,,INCHES
DAN,D,18,SNOW DP,,20210320,93,,INCHES
DAN,D,18,SNOW DP,,20210321,89,,INCHES
DAN,D,18,SNOW DP,,20210322,87,,INCHES
DAN,D,18,SNOW DP,,20210323,88,,INCHES
DAN,D,18,SNOW DP,,20210324,87,,INCHES
DAN,D,18,SNOW DP,,20210325,85,,INCHES
DAN,D,18,SNOW DP,,20210326,87,,INCHES
DAN,D,18,SNOW DP,,20210327,84,,INCHES
DAN,D,18,SNOW DP,,20210328,81,,INCHES
DAN,D,18,SNOW DP,,20210329,78,,INCHES
DAN,D,18,SNOW DP,,20210330,75,,INCHES
DAN,D,18,SNOW DP,,20210331,74,,INCHES
DAN,D,18,SNOW DP,,20210401,72,,INCHES
DAN,D,18,SNOW DP,,20210402,70,,INCHES
DAN,D,18,SNOW DP,,20210403,69,,INCHES
DAN,D,18,SNOW DP,,20210404,67,,INCHES
DAN,D,18,SNOW DP,,20210405,65,,INCHES
DAN,D,18,SNOW DP,,20210406,65,,INCHES
DAN,D,18,SNOW DP,,20210407,63,,INCHES
DAN,D,18,SNOW DP,,20210408,62,,INCHES
DAN,D,18,SNOW DP,,20210409,60,,INCHES
DAN,D,18,SNOW DP,,20210410,58,,INCHES
DAN,D,18,SNOW DP,,20210411,57,,INCHES
DAN,D,18,SNOW DP,,20210412,54,,INCHES
DAN,D,18,SNOW DP,,20210413,51,,INCHES
DAN,D,18,SNOW DP,,20210414,50,,INCHES
DAN,D,18,SNOW DP,,20210415,55,,INCHES
DAN,D,18,SNOW DP,,20210416,50,,INCHES
DAN,D,18,SNOW DP,,20210417,50,,INCHES
DAN,D,18,SNOW DP,,20210418,,,INCHES
DAN,D,18,SNOW DP,,20210419,45,,INCHES
DAN,D,18,SNOW DP,,20210420,43,,INCHES
DAN,D,18,SNOW DP,,20210421,40,,INCHES
DAN,D,18,SNOW DP,,20210422,39,,INCHES
DAN,D,18,SNOW DP,,20210423,36,,INCHES
DAN,D,18,SNOW DP,,20210424,35,,INCHES
DAN,D,18,SNOW DP,,20210425,34,,INCHES
DAN,D,18,SNOW DP,,20210426,39,,INCHES
DAN,D,18,SNOW DP,,20210427,38,,INCHES
DAN,D,18,SNOW DP,,20210428,36,,INCHES
DAN,D,18,SNOW DP,,20210429,34,,INCHES
DAN,D,18,SNOW DP,,20210430,30,,INCHES
DAN,D,18,SNOW DP,,20210501,27,,INCHES
DAN,D,18,SNOW DP,,20210502,26,,INCHES
DAN,D,18,SNOW DP,,20210503,24,,INCHES
DAN,D,18,SNOW DP,,20210504,22,,INCHES
DAN,D,18,SNOW DP,,20210505,19,,INCHES
DAN,D,18,SNOW DP,,20210506,15,,INCHES
DAN,D,18,SNOW DP,,20210507,11,,INCHES
DAN,D,18,SNOW DP,,20210508,9,,INCHES
DAN,D,18,SNOW DP,,20210509,6,,INCHES
DAN,D,18,SNOW DP,,20210510,0,,INCHES
DAN,D,18,SNOW DP,,20210511,-0,,INCHES
DAN,D,18,SNOW DP,,20210512,-0,,INCHES
DAN,D,18,SNOW DP,,20210513,-0,,INCHES
DAN,D,18,SNOW DP,,20210514,-0,,INCHES
DAN,D,18,SNOW DP,,20210515,-0,,INCHES
DAN,D,18,SNOW DP,,20210516,-0,,INCHES
DAN,D,18,SNOW DP,,20210517,-0,,INCHES
DAN,D,18,SNOW DP,,20210518,-0,,INCHES
DAN,D,18,SNOW DP,,20210519,-0,,INCHES
DAN,D,18,SNOW DP,,20210520,-0,,INCHES
DAN,D,18,SNOW DP,,20210521,4,,INCHES
DAN,D,18,SNOW DP,,20210522,-0,,INCHES
DAN,D,18,SNOW DP,,20210523,0,,INCHES
DAN,D,18,SNOW DP,,20210524,-0,,INCHES
DAN,D,18,SNOW DP,,20210525,-0,,INCHES
DAN,D,18,SNOW DP,,20210526,-0,,INCHES
DAN,D,18,SNOW DP,,20210527,-0,,INCHES
DAN,D,18,SNOW DP,,20210528,-0,,INCHES
DAN,D,18,SNOW DP,,20210529,-0,,INCHES
DAN,D,18,SNOW DP,,20210530,-0,,INCHES
DAN,D,18,SNOW DP,,20210531,-0,,INCHES
DAN,D,18,SNOW DP,,20210601,-0,,INCHES
DAN,D,18,SNOW DP,,20210602,-0,,INCHES
DAN,D,18,SNOW DP,,20210603,-0,,INCHES
DAN,D,18,SNOW DP,,20210604,-0,,INCHES
DAN,D,18,SNOW DP,,20210605,-0,,INCHES
DAN,D,18,SNOW DP,,20210606,-0,,INCHES
DAN,D,18,SNOW DP,,20210607,-0,,INCHES
DAN,D,18,SNOW DP,,20210608,-0,,INCHES
DAN,D,18,SNOW DP,,20210609,-0,,INCHES
DAN,D,18,SNOW DP,,20210610,-0,,INCHES
DAN,D,18,SNOW DP,,20210611,-0,,INCHES
DAN,D,18,SNOW DP,,20210612,-0,,INCHES
DAN,D,18,SNOW DP,,20210613,-0,,INCHES
DAN,D,18,SNOW DP,,20210614,-0,,INCHES
DAN,D,18,SNOW DP,,20210615,-0,,INCHES
DAN,D,18,SNOW DP,,20210616,0,,INCHES
DAN,D,18,SNOW DP,,20210617,0,,INCHES
DAN,D,18,SNOW DP,,20210618,-0,,INCHES
DAN,D,18,SNOW DP,,20210619,0,,INCHES
DAN,D,18,SNOW DP,,20210620,0,,INCHES
DAN,D,18,SNOW DP,,20210621,0,,INCHES
DAN,D,18,SNOW DP,,20210622,0,,INCHES
DAN,D,18,SNOW DP,,20210623,0,,INCHES
DAN,D,18,SNOW DP,,20210624,0,,INCHES
DAN,D,18,SNOW DP,,20210625,0,,INCHES
DAN,D,18,SNOW DP,,20210626,0,,INCHES
DAN,D,18,SNOW DP,,20210627,0,,INCHES
DAN,D,18,SNOW DP,,20210628,-0,,INCHES
DAN,D,18,SNOW DP,,20210629,0,,INCHES
DAN,D,18,SNOW DP,,20210630,0,,INCHES
DAN,D,18,SNOW DP,,20210701,0,r,INCHES
DAN,D,18,SNOW DP,,20210702,0,r,INCHES
DAN,D,18,SNOW DP,,20210703,0,r,INCHES
DAN,D,18,SNOW DP,,20210704,0,r,INCHES
DAN,D,18,SNOW DP,,20210705,0,r,INCHES
DAN,D,18,SNOW DP,,20210706,0,r,INCHES
DAN,D,18,SNOW DP,,20210707,0,r,INCHES
DAN,D,18,SNOW DP,,20210707,0,r,INCHES
DAN,D,18,SNOW DP,,20210708,0,r,INCHES
DAN,D,18,SNOW DP,,,,,INCHES
DAN,D,18,SNOW DP,,,,,INCHES
DAN,D,18,SNOW DP,,,,,INCHES
DAN,D,18,SNOW DP,,,,,INCHES
DAN,D,18,SNOW DP,,20210714,0,r,INCHES
DAN,D,18,SNOW DP,,,,,INCHES
DAN,D,18,SNOW DP,,,,,INCHES
DAN,D,18,SNOW DP,,,,,INCHES
DAN,D,18,SNOW DP,,,,,INCHES
DAN,D,18,SNOW DP,,,,,INCHES
DAN,D,18,SNOW DP,,,,,INCHES
DAN,D,18,SNOW DP,,,,,INCHES
DAN,D,18,SNOW DP,,,,,INCHES
DAN,D,18,SNOW DP,,,,,INCHES
DAN,D,18,SNOW DP,,,,,INCHES
DAN,D,18,SNOW DP,,,,,INCHES
DAN,D,18,SNOW DP,,,,,INCHES
DAN,D,18,SNOW DP,,,,,INCHES
DAN,D,18,SNOW DP,,,,,INCHES
DAN,D,18,SNOW DP,,,,,INCHES
DAN,D,18,SNOW DP,,,,,INCHES
DAN,D,18,SNOW DP,,,,,INCHES
DAN,D,18,SNOW DP,,,,,INCHES
DAN,D,18,SNOW DP,,,,,INCHES
DAN,D,18,SNOW DP,,,,,INCHES
DAN,D,18,SNOW DP,,,,,INCHES
DAN,D,18,SNOW DP,,,,,INCHES
DAN,D,18,SNOW DP,,,,,INCHES
DAN,D,18,SNOW DP,,,,,INCHES
DAN,D,18,SNOW DP,,,,,INCHES
DAN,D,18,SNOW DP,,,,,INCHES
DAN,D,18,SNOW DP,,,,,INCHES
DAN,D,18,SNOW DP,,,,,INCHES
DAN,D,18,SNOW DP,,,,,INCHES
DAN,D,18,SNOW DP,,,,,INCHES
DAN,D,18,SNOW DP,,20210814,0,,INCHES
DAN,D,18,SNOW DP,,,,,INCHES
DAN,D,18,SNOW DP,,,,,INCHES
DAN,D,18,SNOW DP,,,,,INCHES
DAN,D,18,SNOW DP,,,,,INCHES
DAN,D,18,SNOW DP,,,,,INCHES
DAN,D,18,SNOW DP,,20210820,0,,INCHES
DAN,D,18,SNOW DP,,,,,INCHES
DAN,D,18,SNOW DP,,,,,INCHES
DAN,D,18,SNOW DP,,,,,INCHES
DAN,D,18,SNOW DP,,,,,INCHES
DAN,D,18,SNOW DP,,,,,INCHES
DAN,D,18,SNOW DP,,,,,INCHES
DAN,D,18,SNOW DP,,,,,INCHES
DAN,D,18,SNOW DP,,,,,INCHES
DAN,D,18,SNOW DP,,,,,INCHES
DAN,D,18,SNOW DP,,,,,INCHES
DAN,D,18,SNOW DP,,,,,INCHES
DAN,D,18,SNOW DP,,20210901,0,r,INCHES
DAN,D,18,SNOW DP,,,,,INCHES
DAN,D,18,SNOW DP,,20210903,0,r,INCHES
DAN,D,18,SNOW DP,,20210904,0,r,INCHES
DAN,D,18,SNOW DP,,20210905,0,r,INCHES
DAN,D,18,SNOW DP,,20210906,0,r,INCHES
DAN,D,18,SNOW DP,,20210907,0,r,INCHES
DAN,D,18,SNOW DP,,20210908,0,r,INCHES
DAN,D,18,SNOW DP,,20210909,0,r,INCHES
DAN,D,18,SNOW DP,,20210910,0,r,INCHES
DAN,D,18,SNOW DP,,20210911,0,r,INCHES
DAN,D,18,SNOW DP,,20210912,0,r,INCHES
DAN,D,18,SNOW DP,,20210913,0,r,INCHES
DAN,D,18,SNOW DP,,20210914,0,r,INCHES
DAN,D,18,SNOW DP,,20210915,0,r,INCHES
DAN,D,18,SNOW DP,,,,,INCHES
DAN,D,18,SNOW DP,,,,,INCHES
DAN,D,18,SNOW DP,,,,,INCHES
DAN,D,18,SNOW DP,,,,,INCHES
DAN,D,18,SNOW DP,,,,,INCHES
DAN,D,18,SNOW DP,,,,,INCHES
DAN,D,18,SNOW DP,,,,,INCHES
DAN,D,18,SNOW DP,,,,,INCHES
DAN,D,18,SNOW DP,,,,,INCHES
DAN,D,18,SNOW DP,,,,,INCHES
DAN,D,18,SNOW DP,,,,,INCHES
DAN,D,18,SNOW DP,,,,,INCHES
DAN,D,18,SNOW DP,,,,,INCHES
DAN,D,18,SNOW DP,,,,,INCHES
DAN,D,18,SNOW DP,,20210930,0,,INCHES
DAN,D,18,SNOW DP,,20211001,0,,INCHES
DAN,D,18,SNOW DP,,20211002,0,,INCHES
DAN,D,18,SNOW DP,,20211003,0,,INCHES
DAN,D,18,SNOW DP,,20211004,0,,INCHES
DAN,D,18,SNOW DP,,20211005,0,,INCHES
DAN,D,18,SNOW DP,,20211006,0,,INCHES
DAN,D,18,SNOW DP,,20211007,0,,INCHES
DAN,D,18,SNOW DP,,20211008,0,,INCHES
DAN,D,18,SNOW DP,,20211009,0,,INCHES
DAN,D,18,SNOW DP,,20211010,0,,INCHES
DAN,D,18,SNOW DP,,20211011,0,,INCHES
DAN,D,18,SNOW DP,,20211012,0,,INCHES
DAN,D,18,SNOW DP,,20211013,0,,INCHES
DAN,D,18,SNOW DP,,20211014,0,,INCHES
DAN,D,18,SNOW DP,,20211015,0,,INCHES
DAN,D,18,SNOW DP,,20211016,0,,INCHES
DAN,D,18,SNOW DP,,20211017,0,,INCHES
DAN,D,18,SNOW DP,,20211018,0,,INCHES
DAN,D,18,SNOW DP,,20211019,0,,INCHES
DAN,D,18,SNOW DP,,20211020,0,,INCHES
DAN,D,18,SNOW DP,,20211021,0,,INCHES
DAN,D,18,SNOW DP,,20211022,0,,INCHES
DAN,D,18,SNOW DP,,20211023,0,,INCHES
DAN,D,18,SNOW DP,,20211024,0,,INCHES
DAN,D,18,SNOW DP,,20211025,3,,INCHES
DAN,D,18,SNOW DP,,20211026,21,,INCHES
DAN,D,18,SNOW DP,,20211027,17,,INCHES
DAN,D,18,SNOW DP,,20211028,14,,INCHES
DAN,D,18,SNOW DP,,20211029,12,,INCHES
DAN,D,18,SNOW DP,,20211030,10,,INCHES
DAN,D,18,SNOW DP,,20211031,9,,INCHES
DAN,D,18,SNOW DP,,20211101,9,,INCHES
DAN,D,18,SNOW DP,,20211102,8,,INCHES
DAN,D,18,SNOW DP,,20211103,7,,INCHES
DAN,D,18,SNOW DP,,20211104,6,,INCHES
DAN,D,18,SNOW DP,,20211105,6,,INCHES
DAN,D,18,SNOW DP,,20211106,6,,INCHES
DAN,D,18,SNOW DP,,20211107,5,,INCHES
DAN,D,18,SNOW DP,,20211108,5,,INCHES
DAN,D,18,SNOW DP,,20211109,12,,INCHES
DAN,D,18,SNOW DP,,20211110,12,,INCHES
DAN,D,18,SNOW DP,,20211111,11,,INCHES
DAN,D,18,SNOW DP,,20211112,10,,INCHES
DAN,D,18,SNOW DP,,20211113,10,,INCHES
DAN,D,18,SNOW DP,,20211114,9,,INCHES
DAN,D,18,SNOW DP,,20211115,8,,INCHES
DAN,D,18,SNOW DP,,20211116,9,,INCHES
DAN,D,18,SNOW DP,,20211117,9,,INCHES
DAN,D,18,SNOW DP,,20211118,9,,INCHES
DAN,D,18,SNOW DP,,20211119,9,,INCHES
DAN,D,18,SNOW DP,,20211120,8,,INCHES
DAN,D,18,SNOW DP,,20211121,8,,INCHES
DAN,D,18,SNOW DP,,20211122,8,,INCHES
DAN,D,18,SNOW DP,,20211123,8,,INCHES
DAN,D,18,SNOW DP,,20211124,8,,INCHES
DAN,D,18,SNOW DP,,20211125,8,,INCHES
DAN,D,18,SNOW DP,,20211126,8,,INCHES
DAN,D,18,SNOW DP,,20211127,8,,INCHES
DAN,D,18,SNOW DP,,20211128,8,,INCHES
DAN,D,18,SNOW DP,,20211129,8,,INCHES
DAN,D,18,SNOW DP,,20211130,7,,INCHES
DAN,D,18,SNOW DP,,20211201,7,,INCHES
DAN,D,18,SNOW DP,,20211202,7,,INCHES
DAN,D,18,SNOW DP,,20211203,7,,INCHES
DAN,D,18,SNOW DP,,20211204,7,,INCHES
DAN,D,18,SNOW DP,,20211205,7,,INCHES
DAN,D,18,SNOW DP,,20211206,7,,INCHES
DAN,D,18,SNOW DP,,20211207,8,,INCHES
DAN,D,18,SNOW DP,,20211208,8,,INCHES
DAN,D,18,SNOW DP,,20211209,10,,INCHES
DAN,D,18,SNOW DP,,20211210,17,,INCHES
DAN,D,18,SNOW DP,,20211211,15,,INCHES
DAN,D,18,SNOW DP,,20211212,14,,INCHES
DAN,D,18,SNOW DP,,20211213,17,,INCHES
DAN,D,18,SNOW DP,,20211214,37,,INCHES
DAN,D,18,SNOW DP,,20211215,52,,INCHES
DAN,D,18,SNOW DP,,20211216,52,,INCHES
DAN,D,18,SNOW DP,,20211217,52,,INCHES
DAN,D,18,SNOW DP,,20211218,47,,INCHES
DAN,D,18,SNOW DP,,20211219,44,,INCHES
DAN,D,18,SNOW DP,,20211220,42,,INCHES
DAN,D,18,SNOW DP,,20211221,41,,INCHES
DAN,D,18,SNOW DP,,20211222,40,,INCHES
DAN,D,18,SNOW DP,,20211223,50,,INCHES
DAN,D,18,SNOW DP,,20211224,67,,INCHES
DAN,D,18,SNOW DP,,20211225,68,,INCHES
DAN,D,18,SNOW DP,,20211226,82,,INCHES
DAN,D,18,SNOW DP,,20211227,81,,INCHES
DAN,D,18,SNOW DP,,20211228,83,,INCHES
DAN,D,18,SNOW DP,,20211229,81,,INCHES
DAN,D,18,SNOW DP,,20211230,90,,INCHES
DAN,D,18,SNOW DP,,20211231,83,,INCHES
DAN,D,18,SNOW DP,,20220101,80,,INCHES
DAN,D,18,SNOW DP,,20220102,76,,INCHES
DAN,D,18,SNOW DP,,20220103,74,,INCHES
DAN,D,18,SNOW DP,,20220104,72,,INCHES
DAN,D,18,SNOW DP,,20220105,70,,INCHES
DAN,D,18,SNOW DP,,20220106,68,,INCHES
DAN,D,18,SNOW DP,,20220107,67,,INCHES
DAN,D,18,SNOW DP,,20220108,67,,INCHES
DAN,D,18,SNOW DP,,20220109,66,,INCHES
DAN,D,18,SNOW DP,,20220110,65,,INCHES
DAN,D,18,SNOW DP,,20220111,64,,INCHES
DAN,D,18,SNOW DP,,20220112,63,,INCHES
DAN,D,18,SNOW DP,,20220113,62,,INCHES
DAN,D,18,SNOW DP,,20220114,61,,INCHES
DAN,D,18,SNOW DP,,20220115,60,,INCHES
DAN,D,18,SNOW DP,,20220116,59,,INCHES
DAN,D,18,SNOW DP,,20220117,59,,INCHES
DAN,D,18,SNOW DP,,20220118,58,,INCHES
DAN,D,18,SNOW DP,,20220119,58,,INCHES
DAN,D,18,SNOW DP,,20220120,58,,INCHES
DAN,D,18,SNOW DP,,20220121,57,,INCHES
DAN,D,18,SNOW DP,,20220122,57,,INCHES
DAN,D,18,SNOW DP,,20220123,56,,INCHES
DAN,D,18,SNOW DP,,20220124,56,,INCHES
DAN,D,18,SNOW DP,,20220125,56,,INCHES
DAN,D,18,SNOW DP,,20220126,55,,INCHES
DAN,D,18,SNOW DP,,20220127,55,,INCHES
DAN,D,18,SNOW DP,,20220128,55,,INCHES
DAN,D,18,SNOW DP,,20220129,55,,INCHES
DAN,D,18,SNOW DP,,20220130,55,,INCHES
DAN,D,18,SNOW DP,,20220131,55,,INCHES
DAN,D,18,SNOW DP,,20220201,54,,INCHES
DAN,D,18,SNOW DP,,20220202,54,,INCHES
DAN,D,18,SNOW DP,,20220203,53,,INCHES
DAN,D,18,SNOW DP,,20220204,53,,INCHES
DAN,D,18,SNOW DP,,20220205,53,,INCHES
DAN,D,18,SNOW DP,,20220206,53,,INCHES
DAN,D,18,SNOW DP,,20220207,52,,INCHES
DAN,D,18,SNOW DP,,20220208,52,,INCHES
DAN,D,18,SNOW DP,,20220209,51,,INCHES
DAN,D,18,SNOW DP,,20220210,51,,INCHES
DAN,D,18,SNOW DP,,20220211,50,,INCHES
DAN,D,18,SNOW DP,,20220212,50,,INCHES
DAN,D,18,SNOW DP,,20220213,50,,INCHES
DAN,D,18,SNOW DP,,20220214,49,,INCHES
DAN,D,18,SNOW DP,,20220215,49,,INCHES
DAN,D,18,SNOW DP,,20220216,51,,INCHES
DAN,D,18,SNOW DP,,20220217,50,,INCHES
DAN,D,18,SNOW DP,,20220218,49,,INCHES
DAN,D,18,SNOW DP,,20220219,49,,INCHES
DAN,D,18,SNOW DP,,20220220,49,,INCHES
DAN,D,18,SNOW DP,,20220221,49,,INCHES
DAN,D,18,SNOW DP,,20220222,50,,INCHES
DAN,D,18,SNOW DP,,20220223,51,,INCHES
DAN,D,18,SNOW DP,,20220224,51,,INCHES
DAN,D,18,SNOW DP,,20220225,50,,INCHES
DAN,D,18,SNOW DP,,20220226,50,,INCHES
DAN,D,18,SNOW DP,,20220227,50,,INCHES
DAN,D,18,SNOW DP,,20220228,49,,INCHES